<?xml version="1.0" encoding="UTF-8"?>
<volcanologists>
    <volcanologist>
        <first_name>John</first_name>
        <last_name>Doe</last_name>
        <salary>5000.00</salary>
        <age>55</age>
        <exploring_from>1987-01-15</exploring_from>
        <exploring_volcano_id>11</exploring_volcano_id>
    </volcanologist>
    <volcanologist>
        <first_name>Jane</first_name>
        <last_name>Smith</last_name>
        <salary>5500.00</salary>
        <age>60</age>
        <exploring_from>1982-05-20</exploring_from>
        <exploring_volcano_id>20</exploring_volcano_id>
    </volcanologist>
    <volcanologist>
        <first_name>Michael</first_name>
        <last_name>Johnson</last_name>
        <salary>4800.00</salary>
        <age>58</age>
        <exploring_from>1984-09-10</exploring_from>
        <exploring_volcano_id>33</exploring_volcano_id>
    </volcanologist>
    <volcanologist>
        <first_name>Emily</first_name>
        <last_name>Brown</last_name>
        <salary>5200.00</salary>
        <age>56</age>
        <exploring_from>1986-11-25</exploring_from>
        <exploring_volcano_id>34</exploring_volcano_id>
    </volcanologist>
    <volcanologist>
        <first_name>Daniel</first_name>
        <last_name>Martinez</last_name>
        <salary>5100.00</salary>
        <age>57</age>
        <exploring_from>1985-03-30</exploring_from>
        <exploring_volcano_id>15</exploring_volcano_id>
    </volcanologist>
    <volcanologist>
        <first_name>Sarah</first_name>
        <last_name>Taylor</last_name>
        <salary>4900.00</salary>
        <age>49</age>
        <exploring_from>1983-07-05</exploring_from>
        <exploring_volcano_id>26</exploring_volcano_id>
    </volcanologist>
    <volcanologist>
        <first_name>Matthew</first_name>
        <last_name>Anderson</last_name>
        <salary>5300.00</salary>
        <age>54</age>
        <exploring_from>1988-02-18</exploring_from>
        <exploring_volcano_id>17</exploring_volcano_id>
    </volcanologist>
    <volcanologist>
        <first_name>Jessica</first_name>
        <last_name>Wilson</last_name>
        <salary>5400.00</salary>
        <age>33</age>
        <exploring_from>2003-06-12</exploring_from>
        <exploring_volcano_id>8</exploring_volcano_id>
    </volcanologist>
    <volcanologist>
        <first_name>Christopher</first_name>
        <last_name>Thompson</last_name>
        <salary>4700.00</salary>
        <age>32</age>
        <exploring_from>2004-10-08</exploring_from>
        <exploring_volcano_id>39</exploring_volcano_id>
    </volcanologist>
    <volcanologist>
        <first_name>Amanda</first_name>
        <last_name>Garcia</last_name>
        <salary>4600.00</salary>
        <age>31</age>
        <exploring_from>2012-04-14</exploring_from>
        <exploring_volcano_id>16</exploring_volcano_id>
    </volcanologist>
    <volcanologist>
        <first_name>David</first_name>
        <last_name>Hernandez</last_name>
        <salary>4700.00</salary>
        <age>30</age>
        <exploring_from>2013-08-20</exploring_from>
        <exploring_volcano_id>21</exploring_volcano_id>
    </volcanologist>
    <volcanologist>
        <first_name>Ashley</first_name>
        <last_name>Lopez</last_name>
        <salary>5200.00</salary>
        <age>49</age>
        <exploring_from>1993-12-25</exploring_from>
        <exploring_volcano_id>12</exploring_volcano_id>
    </volcanologist>
    <volcanologist>
        <first_name>James</first_name>
        <last_name>Gonzalez</last_name>
        <salary>5100.00</salary>
        <age>28</age>
        <exploring_from>2020-01-30</exploring_from>
        <exploring_volcano_id>33</exploring_volcano_id>
    </volcanologist>
    <volcanologist>
        <first_name>Jennifer</first_name>
        <last_name>Rodriguez</last_name>
        <salary>5000.00</salary>
        <age>27</age>
        <exploring_from>2015-07-05</exploring_from>
        <exploring_volcano_id>24</exploring_volcano_id>
    </volcanologist>
    <volcanologist>
        <first_name>Ryan</first_name>
        <last_name>Perez</last_name>
        <salary>4900.00</salary>
        <age>26</age>
        <exploring_from>2020-11-10</exploring_from>
        <exploring_volcano_id>25</exploring_volcano_id>
    </volcanologist>
    <volcanologist>
        <first_name>Nicole</first_name>
        <last_name>Sanchez</last_name>
        <salary>4800.00</salary>
        <age>25</age>
        <exploring_from>2017-03-15</exploring_from>
        <exploring_volcano_id>36</exploring_volcano_id>
    </volcanologist>
    <volcanologist>
        <first_name>Kevin</first_name>
        <last_name>Ramirez</last_name>
        <salary>5300.00</salary>
        <age>54</age>
        <exploring_from>1998-05-20</exploring_from>
        <exploring_volcano_id>13</exploring_volcano_id>
    </volcanologist>
    <volcanologist>
        <first_name>Elizabeth</first_name>
        <last_name>Torres</last_name>
        <salary>5200.00</salary>
        <age>43</age>
        <exploring_from>1999-09-25</exploring_from>
        <exploring_volcano_id>10</exploring_volcano_id>
    </volcanologist>
    <volcanologist>
        <first_name>William</first_name>
        <last_name>Flores</last_name>
        <salary>4700.00</salary>
        <age>32</age>
        <exploring_from>2000-12-30</exploring_from>
        <exploring_volcano_id>31</exploring_volcano_id>
    </volcanologist>
    <volcanologist>
        <first_name>Megan</first_name>
        <last_name>Rivera</last_name>
        <salary>5400.00</salary>
        <age>41</age>
        <exploring_from>2001-02-10</exploring_from>
        <exploring_volcano_id>29</exploring_volcano_id>
    </volcanologist>
    <volcanologist>
        <first_name>Jacob</first_name>
        <last_name>Campbell</last_name>
        <salary>4800.00</salary>
        <age>53</age>
        <exploring_from>1989-11-15</exploring_from>
        <exploring_volcano_id>22</exploring_volcano_id>
    </volcanologist>
    <volcanologist>
        <first_name>Olivia</first_name>
        <last_name>Carter</last_name>
        <salary>5500.00</salary>
        <age>69</age>
        <exploring_from>1993-08-20</exploring_from>
        <exploring_volcano_id>5</exploring_volcano_id>
    </volcanologist>
    <volcanologist>
        <first_name>Liam</first_name>
        <last_name>Hill</last_name>
        <salary>5200.00</salary>
        <age>71</age>
        <exploring_from>1991-06-25</exploring_from>
        <exploring_volcano_id>4</exploring_volcano_id>
    </volcanologist>
    <volcanologist>
        <first_name>Emma</first_name>
        <last_name>Yung</last_name>
        <salary>5000.00</salary>
        <age>28</age>
        <exploring_from>2014-04-30</exploring_from>
        <exploring_volcano_id>4</exploring_volcano_id>
    </volcanologist>
    <volcanologist>
        <first_name>Mason</first_name>
        <last_name>Green</last_name>
        <salary>5300.00</salary>
        <age>30</age>
        <exploring_from>2021-02-05</exploring_from>
        <exploring_volcano_id>8</exploring_volcano_id>
    </volcanologist>
    <volcanologist>
        <first_name>Sophia</first_name>
        <last_name>King</last_name>
        <salary>4900.00</salary>
        <age>32</age>
        <exploring_from>2000-01-10</exploring_from>
        <exploring_volcano_id>16</exploring_volcano_id>
    </volcanologist>
    <volcanologist>
        <first_name>Peter</first_name>
        <last_name>Evans</last_name>
        <salary>4700.00</salary>
        <age>27</age>
        <exploring_from>2022-07-15</exploring_from>
        <exploring_volcano_id>7</exploring_volcano_id>
    </volcanologist>
    <volcanologist>
        <first_name>Isabella</first_name>
        <last_name>Scott</last_name>
        <salary>5100.00</salary>
        <age>46</age>
        <exploring_from>1996-09-20</exploring_from>
        <exploring_volcano_id>1</exploring_volcano_id>
    </volcanologist>
    <volcanologist>
        <first_name>Ethan</first_name>
        <last_name>Adams</last_name>
        <salary>4600.00</salary>
        <age>25</age>
        <exploring_from>2020-11-25</exploring_from>
        <exploring_volcano_id>3</exploring_volcano_id>
    </volcanologist>
    <volcanologist>
        <first_name>Amelia</first_name>
        <last_name>Baker</last_name>
        <salary>5400.00</salary>
        <age>24</age>
        <exploring_from>2019-03-30</exploring_from>
        <exploring_volcano_id>9</exploring_volcano_id>
    </volcanologist>
    <volcanologist>
        <first_name>Alexander</first_name>
        <last_name>Cook</last_name>
        <salary>4700.00</salary>
        <age>23</age>
        <exploring_from>2023-05-05</exploring_from>
        <exploring_volcano_id>38</exploring_volcano_id>
    </volcanologist>
    <volcanologist>
        <first_name>Marta</first_name>
        <last_name>Gonzales</last_name>
        <salary>5200.00</salary>
        <age>42</age>
        <exploring_from>2000-07-10</exploring_from>
        <exploring_volcano_id>6</exploring_volcano_id>
    </volcanologist>
    <volcanologist>
        <first_name>Samantha</first_name>
        <last_name>Nelson</last_name>
        <salary>5100.00</salary>
        <age>29</age>
        <exploring_from>2001-09-15</exploring_from>
        <exploring_volcano_id>17</exploring_volcano_id>
    </volcanologist>
    <volcanologist>
        <first_name>Benjamin</first_name>
        <last_name>Mitchell</last_name>
        <salary>5000.00</salary>
        <age>74</age>
        <exploring_from>1988-10-20</exploring_from>
        <exploring_volcano_id>14</exploring_volcano_id>
    </volcanologist>
    <volcanologist>
        <first_name>Chloe</first_name>
        <last_name>Roberts</last_name>
        <salary>4900.00</salary>
        <age>49</age>
        <exploring_from>1992-12-25</exploring_from>
        <exploring_volcano_id>40</exploring_volcano_id>
    </volcanologist>
    <volcanologist>
        <first_name>Dani</first_name>
        <last_name>Leen</last_name>
        <salary>4800.00</salary>
        <age>28</age>
        <exploring_from>2014-03-30</exploring_from>
        <exploring_volcano_id>40</exploring_volcano_id>
    </volcanologist>
    <volcanologist>
        <first_name>Ava</first_name>
        <last_name>Walker</last_name>
        <salary>5300.00</salary>
        <age>27</age>
        <exploring_from>2018-05-05</exploring_from>
        <exploring_volcano_id>22</exploring_volcano_id>
    </volcanologist>
    <volcanologist>
        <first_name>Madison</first_name>
        <last_name>Hall</last_name>
        <salary>5200.00</salary>
        <age>66</age>
        <exploring_from>1996-07-10</exploring_from>
        <exploring_volcano_id>23</exploring_volcano_id>
    </volcanologist>
    <volcanologist>
        <first_name>Patrick</first_name>
        <last_name>Lewis</last_name>
        <salary>4700.00</salary>
        <age>55</age>
        <exploring_from>1997-09-15</exploring_from>
        <exploring_volcano_id>2</exploring_volcano_id>
    </volcanologist>
    <volcanologist>
        <first_name>Abigail</first_name>
        <last_name>Young</last_name>
        <salary>5400.00</salary>
        <age>24</age>
        <exploring_from>2021-11-20</exploring_from>
        <exploring_volcano_id>18</exploring_volcano_id>
    </volcanologist>
</volcanologists>
